{"cameraMode":{"drawMode":0,"name":"Shaded","section":"Shading Mode"},"sceneLighting":true,"audioPlay":false,"sceneViewState":{"showFog":true,"showMaterialUpdate":false,"showSkybox":true,"showFlares":true,"showImageEffects":true,"showParticleSystems":true},"in2DMode":false,"pivot":{"x":674.9400634765625,"y":347.90625,"z":27.84375},"rotation":{"x":0.5789158940315247,"y":0.0024454579688608648,"z":-0.0017368878470733762,"w":0.8153868317604065},"size":176.30136108398438,"orthographic":true}